frequency,mfpt,success_rate,is_schumann
1.0,2.360472094418884,0.13333333333333333,False
3.0,2.74088150963526,0.1,False
5.0,2.7412149096485963,0.1,False
7.83,2.7402147096085883,0.1,True
10.0,2.74088150963526,0.1,False
13.0,2.7402147096085883,0.1,False
15.0,2.74088150963526,0.1,False
20.0,2.74088150963526,0.1,False
30.0,2.7402147096085883,0.1,False
